text,title
Patient description,Disease name
Patient description,Disease name
Patient description,Disease name
Patient description,Disease name
Patient description,Disease name
Patient description,Disease name
Patient description,Disease name
Patient description,Disease name
Patient description,Disease name
Patient description,Disease name
Patient description,Disease name
Patient description,Disease name
Patient description,Disease name
Patient description,Disease name
Patient description,Disease name
Patient description,Disease name
Patient description,Disease name
Patient description,Disease name
Patient description,Disease name
Patient description,Disease name
Patient description,Disease name
Patient description,Disease name
Patient description,Disease name
Patient description,Disease name
Patient description,Disease name
Patient description,Disease name
Patient description,Disease name
Patient description,Disease name
Patient description,Disease name
Patient description,Disease name
Patient description,Disease name
Patient description,Disease name
Patient description,Disease name
Patient description,Disease name
Patient description,Disease name
Patient description,Disease name
Patient description,Disease name
Patient description,Disease name
Patient description,Disease name
Patient description,Disease name
Patient description,Disease name
Patient description,Disease name
Patient description,Disease name
Patient description,Disease name
Patient description,Disease name
Patient description,Disease name
Patient description,Disease name
Patient description,Disease name
Patient description,Disease name
Patient description,Disease name
Patient description,Disease name
Patient description,Disease name
Patient description,Disease name
Patient description,Disease name
Patient description,Disease name
Patient description,Disease name
Patient description,Disease name
Patient description,Disease name
Patient description,Disease name
Patient description,Disease name
Patient description,Disease name
Patient description,Disease name
Patient description,Disease name
Patient description,Disease name
Patient description,Disease name
Patient description,Disease name
Patient description,Disease name
Patient description,Disease name
Patient description,Disease name
Patient description,Disease name
Patient description,Disease name
Patient description,Disease name
Patient description,Disease name
Patient description,Disease name
Patient description,Disease name
Patient description,Disease name
Patient description,Disease name
Patient description,Disease name
Patient description,Disease name
Patient description,Disease name
Patient description,Disease name
Patient description,Disease name
Patient description,Disease name
Patient description,Disease name
Patient description,Disease name
Patient description,Disease name
Patient description,Disease name
Patient description,Disease name
Patient description,Disease name
Patient description,Disease name
Patient description,Disease name
Patient description,Disease name
Patient description,Disease name
Patient description,Disease name
Patient description,Disease name
Patient description,Disease name
Patient description,Disease name
Patient description,Disease name
Patient description,Disease name